max_turns,repeats,PSR_mean_avg
1,3,0.0
3,3,0.1
5,3,0.166667
7,3,0.233333
9,3,0.266667
11,3,0.2
13,3,0.233333
