max_turns,repeats,PSR_mean_avg
1,3,0.6
3,3,0.833333
5,3,0.933333
7,3,1.0
9,3,0.966667
11,3,0.966667
13,3,1.0
