mode,defense,max_turns,N_total,PSR_mean,PSR_lo,PSR_hi,RA_mean,RA_lo,RA_hi,Loc_mean,Loc_lo,Loc_hi
turns,none,8,45,0.6,0.4545159420914473,0.7297532055204246,0.0,0.0,0.07865426194064076,1.0,1.0,1.0
turns,none,13,45,0.7555555555555555,0.6132633941520986,0.8576466497449071,0.0,0.0,0.07865426194064076,1.0,1.0,1.0
