mode,defense,max_turns,N_total,PSR_mean,PSR_lo,PSR_hi,RA_mean,RA_lo,RA_hi,Loc_mean,Loc_lo,Loc_hi
turns,none,4,30,0.03333333333333333,0.0059084379948573795,0.16670751396958874,0.0,0.0,0.113517091390478,1.0,1.0,1.0
turns,none,8,30,0.03333333333333333,0.0059084379948573795,0.16670751396958874,0.0,0.0,0.113517091390478,1.0,1.0,1.0
turns,none,13,30,0.13333333333333333,0.05309569424218104,0.2968168394441695,0.0,0.0,0.113517091390478,1.0,1.0,1.0
