mode,defense,max_turns,N_total,PSR_mean,PSR_lo,PSR_hi,RA_mean,RA_lo,RA_hi,Loc_mean,Loc_lo,Loc_hi
turns,none,4,45,0.0,0.0,0.07865426194064076,0.0,0.0,0.07865426194064076,0.9666666666666667,0.9302254743998492,1.003107858933484
