mode,defense,max_turns,N_total,PSR_mean,PSR_lo,PSR_hi,RA_mean,RA_lo,RA_hi,Loc_mean,Loc_lo,Loc_hi
turns,none,1,50,0.68,0.5418944286372394,0.792419559060006,0.0,0.0,0.07135003417431873,0.0,0.0,0.0
turns,none,2,50,0.76,0.6258705062480763,0.8570274759812779,0.0,0.0,0.07135003417431873,0.0,0.0,0.0
turns,none,3,50,0.82,0.6920368054529739,0.902299172675462,0.0,0.0,0.07135003417431873,0.0,0.0,0.0
turns,none,4,50,0.84,0.7148551903823401,0.9166267863791231,0.0,0.0,0.07135003417431873,0.0,0.0,0.0
turns,none,5,50,0.9,0.7863950966521162,0.956524876008429,0.0,0.0,0.07135003417431873,0.0,0.0,0.0
turns,none,6,50,0.84,0.7148551903823401,0.9166267863791231,0.0,0.0,0.07135003417431873,0.0,0.0,0.0
turns,none,7,50,0.9,0.7863950966521162,0.956524876008429,0.0,0.0,0.07135003417431873,0.0,0.0,0.0
turns,none,8,50,0.9,0.7863950966521162,0.956524876008429,0.0,0.0,0.07135003417431873,0.0,0.0,0.0
