mode,defense,max_turns,N_total,PSR_mean,PSR_lo,PSR_hi,RA_mean,RA_lo,RA_hi,Loc_mean,Loc_lo,Loc_hi
turns,none,1,45,0.0,0.0,0.07865426194064076,0.0,0.0,0.07865426194064076,1.0,1.0,1.0
turns,none,4,45,0.022222222222222223,0.003933497522757505,0.11566946388718813,0.0,0.0,0.07865426194064076,1.0,1.0,1.0
turns,none,8,45,0.06666666666666667,0.022931616462147086,0.17856874388640825,0.0,0.0,0.07865426194064076,1.0,1.0,1.0
turns,none,13,45,0.08888888888888889,0.035110548134203154,0.20733851168365702,0.0,0.0,0.07865426194064076,1.0,1.0,1.0
