mode,defense,max_turns,N_total,PSR_mean,PSR_lo,PSR_hi,RA_mean,RA_lo,RA_hi,Loc_mean,Loc_lo,Loc_hi
turns,none,4,45,0.06666666666666667,0.022931616462147086,0.17856874388640825,0.0,0.0,0.07865426194064076,1.0,1.0,1.0
