mode,defense,max_turns,N_total,PSR_mean,PSR_lo,PSR_hi,RA_mean,RA_lo,RA_hi,Loc_mean,Loc_lo,Loc_hi
turns,override,1,33,0.0,0.0,0.10427343003561192,0.0,0.0,0.10427343003561192,1.0,1.0,1.0
turns,override,2,33,0.0,0.0,0.10427343003561192,0.0,0.0,0.10427343003561192,1.0,1.0,1.0
turns,override,4,33,0.0,0.0,0.10427343003561192,0.0,0.0,0.10427343003561192,1.0,1.0,1.0
turns,override,6,33,0.0,0.0,0.10427343003561192,0.0,0.0,0.10427343003561192,1.0,1.0,1.0
