mode,defense,max_turns,N_total,PSR_mean,PSR_lo,PSR_hi,RA_mean,RA_lo,RA_hi,Loc_mean,Loc_lo,Loc_hi
turns,none,1,33,0.030303030303030304,0.005369272089651725,0.15319061673168066,0.0,0.0,0.10427343003561192,1.0,1.0,1.0
turns,none,4,33,0.030303030303030304,0.005369272089651725,0.15319061673168066,0.0,0.0,0.10427343003561192,1.0,1.0,1.0
