mode,defense,max_turns,N_total,PSR_mean,PSR_lo,PSR_hi,RA_mean,RA_lo,RA_hi,Loc_mean,Loc_lo,Loc_hi
turns,none,1,45,0.0,0.0,0.07865426194064076,0.0,0.0,0.07865426194064076,1.0,1.0,1.0
turns,none,4,45,0.35555555555555557,0.23218891356904048,0.5016445398804781,0.0,0.0,0.07865426194064076,1.0,1.0,1.0
turns,none,8,45,0.5111111111111111,0.3700422432648975,0.6504321064697549,0.0,0.0,0.07865426194064076,1.0,1.0,1.0
turns,none,13,45,0.6444444444444445,0.49835546011952203,0.7678110864309596,0.0,0.0,0.07865426194064076,1.0,1.0,1.0
