mode,defense,max_turns,N_total,PSR_mean,PSR_lo,PSR_hi,RA_mean,RA_lo,RA_hi,Loc_mean,Loc_lo,Loc_hi
turns,none,1,45,0.022222222222222223,0.003933497522757505,0.11566946388718813,0.0,0.0,0.07865426194064076,1.0,1.0,1.0
turns,none,4,45,0.26666666666666666,0.1596474886005462,0.4103911669717528,0.0,0.0,0.07865426194064076,1.0,1.0,1.0
turns,none,8,45,0.4444444444444444,0.30938708549039107,0.5882411658363468,0.0,0.0,0.07865426194064076,1.0,1.0,1.0
turns,none,13,45,0.6,0.4545159420914473,0.7297532055204246,0.0,0.0,0.07865426194064076,1.0,1.0,1.0
