mode,defense,max_turns,N_total,PSR_mean,PSR_lo,PSR_hi,RA_mean,RA_lo,RA_hi,Loc_mean,Loc_lo,Loc_hi
turns,none,1,45,0.044444444444444446,0.012273869040444335,0.14827779183880616,0.0,0.0,0.07865426194064076,1.0,1.0,1.0
turns,none,4,45,0.2222222222222222,0.12544551866005632,0.3626957379736329,0.0,0.0,0.07865426194064076,1.0,1.0,1.0
