mode,defense,max_turns,N_total,PSR_mean,PSR_lo,PSR_hi,RA_mean,RA_lo,RA_hi,Loc_mean,Loc_lo,Loc_hi
turns,none,1,45,0.0,0.0,0.07865426194064076,0.0,0.0,0.07865426194064076,1.0,1.0,1.0
turns,none,4,45,0.3333333333333333,0.21358692207276764,0.479297831907446,0.0,0.0,0.07865426194064076,1.0,1.0,1.0
turns,none,8,45,0.5111111111111111,0.3700422432648975,0.6504321064697549,0.0,0.0,0.07865426194064076,1.0,1.0,1.0
turns,none,13,45,0.6888888888888889,0.5433492001245104,0.8047147453645809,0.0,0.0,0.07865426194064076,1.0,1.0,1.0
