mode,defense,max_turns,N_total,PSR_mean,PSR_lo,PSR_hi,RA_mean,RA_lo,RA_hi,Loc_mean,Loc_lo,Loc_hi
turns,none,1,33,0.5757575757575758,0.4080697369146003,0.7276464100497011,0.0,0.0,0.10427343003561192,1.0,1.0,1.0
turns,none,4,33,0.6060606060606061,0.4368314280651038,0.7531711776849179,0.0,0.0,0.10427343003561192,1.0,1.0,1.0
