mode,defense,max_turns,N_total,PSR_mean,PSR_lo,PSR_hi,RA_mean,RA_lo,RA_hi,Loc_mean,Loc_lo,Loc_hi
turns,override,4,45,0.022222222222222223,0.003933497522757505,0.11566946388718813,0.0,0.0,0.07865426194064076,0.9666666666666667,0.9302254743998492,1.003107858933484
