mode,defense,max_turns,N_total,PSR_mean,PSR_lo,PSR_hi,RA_mean,RA_lo,RA_hi,Loc_mean,Loc_lo,Loc_hi
turns,none,8,30,0.36666666666666664,0.2187370220401768,0.5448675356639505,0.0,0.0,0.113517091390478,0.0,0.0,0.0
turns,none,13,30,0.6,0.42320052498273836,0.7540960567391659,0.0,0.0,0.113517091390478,0.0,0.0,0.0
