mode,defense,max_turns,N_total,PSR_mean,PSR_lo,PSR_hi,RA_mean,RA_lo,RA_hi,Loc_mean,Loc_lo,Loc_hi
turns,override,4,30,0.0,0.0,0.113517091390478,0.0,0.0,0.113517091390478,0.9666666666666667,0.9220355033304871,1.0112978300028463
