mode,defense,max_turns,N_total,PSR_mean,PSR_lo,PSR_hi,RA_mean,RA_lo,RA_hi,Loc_mean,Loc_lo,Loc_hi
turns,none,1,45,0.0,0.0,0.07865426194064076,0.0,0.0,0.07865426194064076,1.0,1.0,1.0
turns,none,4,45,0.26666666666666666,0.1596474886005462,0.4103911669717528,0.0,0.0,0.07865426194064076,1.0,1.0,1.0
turns,none,8,45,0.4666666666666667,0.3293490394201473,0.6092279113758954,0.0,0.0,0.07865426194064076,1.0,1.0,1.0
turns,none,13,45,0.6666666666666666,0.520702168092554,0.7864130779272324,0.0,0.0,0.07865426194064076,1.0,1.0,1.0
