mode,defense,max_turns,N_total,PSR_mean,PSR_lo,PSR_hi,RA_mean,RA_lo,RA_hi,Loc_mean,Loc_lo,Loc_hi
turns,none,4,22,0.7272727272727273,0.5184787630099802,0.8684941798418556,0.0,1.3877787807814457e-17,0.14865952572596125,1.0,1.0,1.0
