mode,defense,max_turns,N_total,PSR_mean,PSR_lo,PSR_hi,RA_mean,RA_lo,RA_hi,Loc_mean,Loc_lo,Loc_hi
turns,none,1,50,0.64,0.5014076201030195,0.7586143703281711,0.0,0.0,0.07135003417431873,0.0,0.0,0.0
turns,none,2,50,0.74,0.6044657801100008,0.8412862034863262,0.0,0.0,0.07135003417431873,0.0,0.0,0.0
turns,none,3,50,0.8,0.6696262789551477,0.8875637005402612,0.0,0.0,0.07135003417431873,0.0,0.0,0.0
turns,none,4,50,0.88,0.7619492111337642,0.9438247628937535,0.0,0.0,0.07135003417431873,0.0,0.0,0.0
turns,none,5,50,0.96,0.8653966212204534,0.9889613473391734,0.0,0.0,0.07135003417431873,0.0,0.0,0.0
turns,none,6,50,0.9,0.7863950966521162,0.956524876008429,0.0,0.0,0.07135003417431873,0.0,0.0,0.0
turns,none,7,50,0.98,0.8950431352816304,0.9964608319110235,0.0,0.0,0.07135003417431873,0.0,0.0,0.0
turns,none,8,50,0.94,0.8378265662912299,0.9793854036353695,0.0,0.0,0.07135003417431873,0.0,0.0,0.0
