mode,defense,max_turns,N_total,PSR_mean,PSR_lo,PSR_hi,RA_mean,RA_lo,RA_hi,Loc_mean,Loc_lo,Loc_hi
turns,none,1,45,0.13333333333333333,0.0625706363434968,0.2617758224129731,0.0,0.0,0.07865426194064076,1.0,1.0,1.0
turns,none,4,45,0.3333333333333333,0.21358692207276764,0.479297831907446,0.0,0.0,0.07865426194064076,1.0,1.0,1.0
turns,none,8,45,0.4444444444444444,0.30938708549039107,0.5882411658363468,0.0,0.0,0.07865426194064076,1.0,1.0,1.0
turns,none,13,45,0.5333333333333333,0.3907720886241046,0.6706509605798527,0.0,0.0,0.07865426194064076,1.0,1.0,1.0
