mode,defense,max_turns,N_total,PSR_mean,PSR_lo,PSR_hi,RA_mean,RA_lo,RA_hi,Loc_mean,Loc_lo,Loc_hi
turns,none,1,20,0.15,0.05236779195949584,0.36042329588695743,0.0,0.0,0.1611301254949332,1.0,1.0,1.0
turns,none,2,20,0.2,0.0806563532712,0.41602172202575993,0.0,0.0,0.1611301254949332,1.0,1.0,1.0
turns,none,3,20,0.25,0.11186005278940309,0.4687050099580636,0.0,0.0,0.1611301254949332,1.0,1.0,1.0
turns,none,4,20,0.45,0.25819502085709295,0.6579179916924003,0.0,0.0,0.1611301254949332,1.0,1.0,1.0
turns,none,6,20,0.5,0.2992949144298199,0.7007050855701801,0.0,0.0,0.1611301254949332,1.0,1.0,1.0
turns,none,8,20,0.7,0.4810232237710206,0.854524726031006,0.0,0.0,0.1611301254949332,1.0,1.0,1.0
turns,none,10,20,0.55,0.3420820083075997,0.7418049791429071,0.0,0.0,0.1611301254949332,1.0,1.0,1.0
turns,none,13,20,0.65,0.43285051021946463,0.8188104521320554,0.0,0.0,0.1611301254949332,1.0,1.0,1.0
