mode,defense,max_turns,N_total,PSR_mean,PSR_lo,PSR_hi,RA_mean,RA_lo,RA_hi,Loc_mean,Loc_lo,Loc_hi
turns,none,1,10,0.0,0.0,0.2775401687666165,0.0,0.0,0.2775401687666165,0.0,0.0,0.0
turns,none,2,10,0.0,0.0,0.2775401687666165,0.0,0.0,0.2775401687666165,0.0,0.0,0.0
turns,none,3,10,0.1,0.01787574951572113,0.4041563854975721,0.0,0.0,0.2775401687666165,0.0,0.0,0.0
turns,none,4,10,0.2,0.05668094798069326,0.5098431532792767,0.0,0.0,0.2775401687666165,0.0,0.0,0.0
turns,none,6,10,0.2,0.05668094798069326,0.5098431532792767,0.0,0.0,0.2775401687666165,0.0,0.0,0.0
turns,none,8,10,0.4,0.16817758120350967,0.6873304525498135,0.0,0.0,0.2775401687666165,0.0,0.0,0.0
turns,none,10,10,0.6,0.3126695474501864,0.8318224187964902,0.0,0.0,0.2775401687666165,0.0,0.0,0.0
turns,none,13,10,0.5,0.23658959361548731,0.7634104063845126,0.0,0.0,0.2775401687666165,0.0,0.0,0.0
