mode,defense,max_turns,N_total,PSR_mean,PSR_lo,PSR_hi,RA_mean,RA_lo,RA_hi,Loc_mean,Loc_lo,Loc_hi
turns,none,1,20,0.1,0.027865893984153206,0.30103820641179335,0.0,0.0,0.1611301254949332,1.0,1.0,1.0
turns,none,2,20,0.3,0.14547527396899385,0.5189767762289793,0.0,0.0,0.1611301254949332,1.0,1.0,1.0
turns,none,3,20,0.4,0.21880396741419272,0.613422057684794,0.0,0.0,0.1611301254949332,1.0,1.0,1.0
turns,none,4,20,0.5,0.2992949144298199,0.7007050855701801,0.0,0.0,0.1611301254949332,1.0,1.0,1.0
turns,none,6,20,0.55,0.3420820083075997,0.7418049791429071,0.0,0.0,0.1611301254949332,1.0,1.0,1.0
turns,none,8,20,0.6,0.3865779423152061,0.7811960325858074,0.0,0.0,0.1611301254949332,1.0,1.0,1.0
turns,none,10,20,0.8,0.5839782779742401,0.9193436467288,0.0,0.0,0.1611301254949332,1.0,1.0,1.0
turns,none,13,20,0.8,0.5839782779742401,0.9193436467288,0.0,0.0,0.1611301254949332,1.0,1.0,1.0
